{"data":{"iP=1|iL=1|iR=1":[0.9999964237213135,2.346463112701258e-08,3.1473769013246056e-06,7.958828263099349e-08,3.8186465189937735e-07],"iP=1|iL=1|iR=2":[0.9999940991401672,9.3026466174706e-07,7.974380622499666e-08,4.728749445348512e-06,2.458072572153469e-07],"iP=1|iL=1|iR=3":[0.999998927116394,4.262427069079422e-07,6.093076763136196e-07,5.44202798380411e-08,7.420264580559888e-08],"iP=1|iL=1|iR=4":[0.9999992847442627,3.3195175319633563e-07,2.557269738190371e-07,1.5658781649108278e-07,6.495741899925633e-08],"iP=1|iL=1|iR=5":[0.999998927116394,3.3859419090731535e-07,1.9576809506816062e-07,1.8933286582978326e-07,3.823508905043127e-07],"iP=1|iL=2|iR=1":[0.9999949932098389,5.0522944547992665e-06,2.0828181845899962e-08,1.2056645459779247e-08,1.7803406748839734e-08],"iP=1|iL=2|iR=2":[0.9999983310699463,1.5316321650971076e-06,7.974154669909694e-08,5.7421246424382844e-08,8.492564518292056e-08],"iP=1|iL=2|iR=3":[0.9999988675117493,3.5577713219936413e-07,8.285596777568571e-07,1.759537582302073e-08,5.06541297795593e-08],"iP=1|iL=2|iR=4":[0.9999427795410156,6.7691184995055664e-06,3.3191989246006415e-07,1.660530699609808e-07,5.010059612686746e-05],"iP=1|iL=2|iR=5":[0.9999985098838806,5.802423856948735e-07,1.8554754888100433e-07,5.931238789003146e-08,7.288674055416777e-07],"iP=1|iL=3|iR=1":[1.0,2.237523766268623e-08,2.0825357438525316e-08,7.895645026678721e-09,2.153846878627519e-08],"iP=1|iL=3|iR=2":[0.9999974370002747,2.262243469886016e-06,1.988807838415596e-07,5.162945981851408e-08,1.0224709967587842e-07],"iP=1|iL=3|iR=3":[0.9999387264251709,5.549776460611611e-07,8.72983036970254e-07,5.936261368333362e-05,5.25796792771871e-07],"iP=1|iL=3|iR=4":[0.9999421834945679,5.683624840457924e-05,6.258451890062133e-07,3.4257055858688545e-07,3.36161853908834e-08],"iP=1|iL=3|iR=5":[0.9999990463256836,4.0323868688574294e-07,3.0050057375774486e-07,7.005603919196801e-08,2.968010619497363e-07],"iP=1|iL=4|iR=1":[0.9999546408653259,2.696125278589534e-08,1.7122205875352847e-08,4.540078589343466e-05,1.0655345938914706e-08],"iP=1|iL=4|iR=2":[0.9999988079071045,1.0243160204481683e-06,9.837618364372247e-08,6.833488441770896e-08,8.288363062547432e-08],"iP=1|iL=4|iR=3":[0.9999980330467224,7.730562856522738e-07,1.1681976275212946e-06,3.2093112167785875e-08,6.12060730986741e-08],"iP=1|iL=4|iR=4":[0.9999384880065918,5.775892350357026e-05,3.591601853258908e-06,2.5218656674041995e-07,3.719443597560712e-08],"iP=1|iL=4|iR=5":[0.9999985098838806,3.690519463361852e-07,3.9966150211512286e-07,1.1525848009341644e-07,6.831007226537622e-07],"iP=1|iL=5|iR=1":[0.9999998211860657,7.180337036061246e-08,1.945665495384219e-08,9.779356879846546e-09,1.366616970699397e-07],"iP=1|iL=5|iR=2":[0.9999943375587463,4.879941116087139e-06,7.416468150722721e-08,8.461689304795073e-08,7.472276024600433e-07],"iP=1|iL=5|iR=3":[0.9999796152114868,4.235332937696512e-07,6.930652602932241e-07,3.0182672361434015e-08,1.9346854969626293e-05],"iP=1|iL=5|iR=4":[0.9999980926513672,5.541333507608215e-07,2.1960627805128752e-07,2.1164544250495965e-07,1.0084997938974993e-06],"iP=1|iL=5|iR=5":[0.9999979138374329,6.767524496353872e-07,2.9089193276377046e-07,7.436046445263855e-08,1.1153235845995368e-06],"iP=2|iL=1|iR=1":[0.0005995908286422491,0.9654504656791687,0.031755320727825165,0.0018590826075524092,0.0003354810760356486],"iP=2|iL=1|iR=2":[8.413837093712573e-08,0.9999695420265198,1.6800628145574592e-05,2.6838652047445066e-06,1.097744552680524e-05],"iP=2|iL=1|iR=3":[3.6782348615815863e-06,0.8849818110466003,0.11490458995103836,8.216391870519146e-05,2.774007589323446e-05],"iP=2|iL=1|iR=4":[9.416017746843863e-06,0.9626056551933289,0.026113446801900864,0.01124684326350689,2.4565237254137173e-05],"iP=2|iL=1|iR=5":[1.3217141713539604e-05,0.9653351902961731,0.03109433874487877,0.0012621859787032008,0.002295144135132432],"iP=2|iL=2|iR=1":[0.0003785369044635445,0.9708712697029114,0.02693186141550541,0.0015488674398511648,0.00026953991618938744],"iP=2|iL=2|iR=2":[4.951698073796251e-08,0.9999673366546631,3.0295954275061376e-05,5.15963790803653e-07,1.91204503607878e-06],"iP=2|iL=2|iR=3":[4.132945377932629e-06,0.9025512337684631,0.09738683700561523,2.876748112612404e-05,2.905339715653099e-05],"iP=2|iL=2|iR=4":[9.15921827981947e-06,0.9695651531219482,0.021833904087543488,0.008556379936635494,3.545034633134492e-05],"iP=2|iL=2|iR=5":[1.1749516488634981e-05,0.9747399687767029,0.02185172028839588,0.0012076938292011619,0.0021888408809900284],"iP=2|iL=3|iR=1":[0.0003294027701485902,0.9662935137748718,0.031818971037864685,0.0014859180664643645,7.22289623809047e-05],"iP=2|iL=3|iR=2":[7.030755000414501e-08,0.9999948740005493,4.033900040667504e-06,5.567903826886322e-07,5.999709173920564e-07],"iP=2|iL=3|iR=3":[2.972458332806127e-06,0.8989705443382263,0.10093456506729126,4.8951020289678127e-05,4.297797568142414e-05],"iP=2|iL=3|iR=4":[1.0953196579066571e-05,0.9684877991676331,0.02363644912838936,0.007834608666598797,3.0238703402574174e-05],"iP=2|iL=3|iR=5":[4.910054849460721e-05,0.9706945419311523,0.026457665488123894,0.00083323655417189,0.0019654377829283476],"iP=2|iL=4|iR=1":[0.0003182606305927038,0.9690940976142883,0.028828740119934082,0.001651385216973722,0.0001075045729521662],"iP=2|iL=4|iR=2":[5.441330230837593e-08,0.9999927878379822,5.9499707276700065e-06,6.197725497258944e-07,6.535341867675015e-07],"iP=2|iL=4|iR=3":[3.841181296593277e-06,0.8986717462539673,0.1012856513261795,2.5152663511107676e-05,1.355539461656008e-05],"iP=2|iL=4|iR=4":[7.955049113661516e-06,0.9668732285499573,0.023997517302632332,0.009023480117321014,9.777891682460904e-05],"iP=2|iL=4|iR=5":[1.2393868018989451e-05,0.9711573123931885,0.025931978598237038,0.0008557631517760456,0.002042581560090184],"iP=2|iL=5|iR=1":[0.00032635926618240774,0.9677475094795227,0.030178625136613846,0.0013625663705170155,0.0003849135246127844],"iP=2|iL=5|iR=2":[5.546988646187856e-08,0.9999746680259705,2.4331851818715222e-05,6.972364872126491e-07,3.87599499163116e-07],"iP=2|iL=5|iR=3":[2.6332550078222994e-06,0.8955609798431396,0.10438630729913712,1.0085583198815584e-05,4.004955553682521e-05],"iP=2|iL=5|iR=4":[7.479282885469729e-06,0.9675291180610657,0.023104943335056305,0.009324917569756508,3.3631989936111495e-05],"iP=2|iL=5|iR=5":[1.3707894140679855e-05,0.9726902842521667,0.024747587740421295,0.000775034655816853,0.0017734640277922153],"iP=3|iL=1|iR=1":[0.00307679595425725,0.026799136772751808,0.6547970771789551,0.255092978477478,0.060233987867832184],"iP=3|iL=1|iR=2":[8.736546078580432e-06,0.32171639800071716,0.39262038469314575,0.2391098588705063,0.04654460772871971],"iP=3|iL=1|iR=3":[8.086647085292498e-08,0.0002863282279577106,0.998769223690033,0.000891557545401156,5.281953053781763e-05],"iP=3|iL=1|iR=4":[2.4403749193879776e-05,0.0008561690337955952,0.3333786725997925,0.6654977798461914,0.00024297466734424233],"iP=3|iL=1|iR=5":[1.271568180527538e-05,0.005613274406641722,0.4994328022003174,0.1874537467956543,0.30748745799064636],"iP=3|iL=2|iR=1":[0.0028602906968444586,0.03531159460544586,0.6335904002189636,0.26280391216278076,0.06543377786874771],"iP=3|iL=2|iR=2":[1.9653920389828272e-05,0.3653321862220764,0.36467331647872925,0.22512418031692505,0.04485059157013893],"iP=3|iL=2|iR=3":[3.224136435164837e-06,0.0004813029954675585,0.9983400702476501,0.0011004238622263074,7.504371023969725e-05],"iP=3|iL=2|iR=4":[3.1650940854888177e-06,0.001942852628417313,0.30259135365486145,0.6953563690185547,0.00010622035915730521],"iP=3|iL=2|iR=5":[5.439164669951424e-05,0.008617865853011608,0.47269049286842346,0.1948300302028656,0.3238072395324707],"iP=3|iL=3|iR=1":[0.0028725992888212204,0.02688402310013771,0.6856203675270081,0.2276037484407425,0.057019323110580444],"iP=3|iL=3|iR=2":[7.516240293625742e-05,0.3399629294872284,0.4124507009983063,0.2042190134525299,0.04329213500022888],"iP=3|iL=3|iR=3":[8.837990606025414e-08,0.00040196708869189024,0.9992727041244507,0.00031562207732349634,9.70191558735678e-06],"iP=3|iL=3|iR=4":[3.6615149383578682e-06,0.00214306334964931,0.3790706992149353,0.6186869144439697,9.570221300236881e-05],