{"data": {"iP=1|iL=1|iR=1": [0.9989484548568726, 0.0002565837639849633, 0.0002115724782925099, 0.000583480519708246], "iP=1|iL=1|iR=2": [0.9790698885917664, 0.02009560540318489, 0.0002758233458735049, 0.0005586582119576633], "iP=1|iL=1|iR=3": [0.9771897792816162, 0.000903872714843601, 0.021273698657751083, 0.0006326531292870641], "iP=1|iL=1|iR=4": [0.9696857929229736, 0.0009734350023791194, 0.0006272051250562072, 0.02871360443532467], "iP=1|iL=2|iR=1": [0.9989110827445984, 0.00023492641048505902, 0.0002761553623713553, 0.0005779294297099113], "iP=1|iL=2|iR=2": [0.9752956628799438, 0.023690279573202133, 0.00030104161123745143, 0.0007130902959033847], "iP=1|iL=2|iR=3": [0.9758942127227783, 0.001188704976812005, 0.022276517003774643, 0.0006406030151993036], "iP=1|iL=2|iR=4": [0.9677574038505554, 0.0011489014141261578, 0.0005908251623623073, 0.030502924695611], "iP=1|iL=3|iR=1": [0.9987133145332336, 0.0003139999753329903, 0.00029137011733837426, 0.0006813568179495633], "iP=1|iL=3|iR=2": [0.9762864112854004, 0.022540023550391197, 0.00041041281656362116, 0.0007631771150045097], "iP=1|iL=3|iR=3": [0.9725494384765625, 0.0006959419115446508, 0.026394354179501534, 0.0003602948854677379], "iP=1|iL=3|iR=4": [0.9695693254470825, 0.001297532464377582, 0.0007427202654071152, 0.028390467166900635], "iP=1|iL=4|iR=1": [0.9988796710968018, 0.0002604277106001973, 0.00020930121536366642, 0.0006505908095277846], "iP=1|iL=4|iR=2": [0.9743555784225464, 0.024222711101174355, 0.00034156409674324095, 0.00108012103009969], "iP=1|iL=4|iR=3": [0.9736049175262451, 0.0010703455191105604, 0.024598363786935806, 0.0007264025625772774], "iP=1|iL=4|iR=4": [0.9620577692985535, 0.001068137469701469, 0.0008065902511589229, 0.03606749698519707], "iP=2|iL=1|iR=1": [0.09309965372085571, 0.8466356992721558, 0.049564070999622345, 0.010700570419430733], "iP=2|iL=1|iR=2": [0.0006327104638330638, 0.9953550100326538, 0.0023979160469025373, 0.0016143943648785353], "iP=2|iL=1|iR=3": [0.002742315176874399, 0.7865116596221924, 0.2079593539237976, 0.0027866086456924677], "iP=2|iL=1|iR=4": [0.0038435610476881266, 0.8463866114616394, 0.043272342532873154, 0.10649749636650085], "iP=2|iL=2|iR=1": [0.06990478187799454, 0.9020249247550964, 0.02028816193342209, 0.0077820392325520515], "iP=2|iL=2|iR=2": [0.0004983085091225803, 0.9972077012062073, 0.0011530382325872779, 0.0011410508304834366], "iP=2|iL=2|iR=3": [0.0017099104588851333, 0.8692200779914856, 0.1269027590751648, 0.002167199971154332], "iP=2|iL=2|iR=4": [0.002549145370721817, 0.8982925415039062, 0.015930738300085068, 0.08322751522064209], "iP=2|iL=3|iR=1": [0.07567150890827179, 0.8420876860618591, 0.07610684633255005, 0.006133918184787035], "iP=2|iL=3|iR=2": [0.0005882991827093065, 0.9944975972175598, 0.003810682101175189, 0.0011034433264285326], "iP=2|iL=3|iR=3": [0.0019004862988367677, 0.7590996623039246, 0.23746319115161896, 0.0015366331208497286], "iP=2|iL=3|iR=4": [0.003050626954063773, 0.8582207560539246, 0.06760451197624207, 0.07112408429384232], "iP=2|iL=4|iR=1": [0.08065540343523026, 0.8556705713272095, 0.04467863216996193, 0.01899542473256588], "iP=2|iL=4|iR=2": [0.0005243665655143559, 0.9947203397750854, 0.0022899846080690622, 0.002465334255248308], "iP=2|iL=4|iR=3": [0.0018865737365558743, 0.7994322776794434, 0.19362586736679077, 0.005055316723883152], "iP=2|iL=4|iR=4": [0.0029314784333109856, 0.8294021487236023, 0.03325949236750603, 0.1344069391489029], "iP=3|iL=1|iR=1": [0.051533423364162445, 0.01853245124220848, 0.6194549798965454, 0.31047913432121277], "iP=3|iL=1|iR=2": [0.0026663222815841436, 0.23172564804553986, 0.4392815828323364, 0.3263264298439026], "iP=3|iL=1|iR=3": [0.00055369280744344, 0.0018838118994608521, 0.9508495330810547, 0.0467129684984684], "iP=3|iL=1|iR=4": [0.000883966451510787, 0.004153233952820301, 0.33554607629776, 0.659416675567627], "iP=3|iL=2|iR=1": [0.06230172887444496, 0.05322597175836563, 0.44012048840522766, 0.44435182213783264], "iP=3|iL=2|iR=2": [0.0018260272918269038, 0.38331928849220276, 0.2506231665611267, 0.36423155665397644], "iP=3|iL=2|iR=3": [0.0010611662873998284, 0.018115850165486336, 0.8574362397193909, 0.12338675558567047], "iP=3|iL=2|iR=4": [0.0008658395963720977, 0.010666456073522568, 0.18771687150001526, 0.8007507920265198], "iP=3|iL=3|iR=1": [0.04026232659816742, 0.016036633402109146, 0.8306573629379272, 0.1130436584353447], "iP=3|iL=3|iR=2": [0.002139467978850007, 0.2258705347776413, 0.6369346380233765, 0.13505540788173676], "iP=3|iL=3|iR=3": [0.000287729810224846, 0.0009134878637269139, 0.9945892095565796, 0.004209571518003941], "iP=3|iL=3|iR=4": [0.0006878061685711145, 0.005544897634536028, 0.6025124788284302, 0.3912547826766968], "iP=3|iL=4|iR=1": [0.03326671943068504, 0.011094613932073116, 0.47932174801826477, 0.4763169288635254], "iP=3|iL=4|iR=2": [0.001820879289880395, 0.16878072917461395, 0.3295941948890686, 0.49980419874191284], "iP=3|iL=4|iR=3": [0.0003022956952918321, 0.0019248968455940485, 0.8809108138084412, 0.1168619841337204], "iP=3|iL=4|iR=4": [0.00043620631913654506, 0.0020382865332067013, 0.16771429777145386, 0.8298112750053406], "iP=4|iL=1|iR=1": [0.05443410947918892, 0.005032444838434458, 0.06155026704072952, 0.8789831399917603], "iP=4|iL=1|iR=2": [0.008060271851718426, 0.0704021081328392, 0.056642431765794754, 0.864895224571228], "iP=4|iL=1|iR=3": [0.00481234397739172, 0.003594018751755357, 0.5301454067230225, 0.4614482522010803], "iP=4|iL=1|iR=4": [0.001401096349582076, 0.0005774561432190239, 0.005335694644600153, 0.992685854434967], "iP=4|iL=2|iR=1": [0.052271854132413864, 0.008131095208227634, 0.0459936298429966, 0.8936034440994263], "iP=4|iL=2|iR=2": [0.006338453385978937, 0.08777812868356705, 0.03859708830714226, 0.8672863245010376], "iP=4|iL=2|iR=3": [0.005191131494939327, 0.007756722159683704, 0.4796319901943207, 0.5074201226234436], "iP=4|iL=2|iR=4": [0.001264456775970757, 0.0011673247208818793, 0.0037366985343396664, 0.9938315153121948], "iP=4|iL=3|iR=1": [0.08870794624090195, 0.01192305888980627, 0.3756495416164398, 0.5237194895744324], "iP=4|iL=3|iR=2": [0.013083281926810741, 0.13007088005542755, 0.34462642669677734, 0.5122194290161133], "iP=4|iL=3|iR=3": [0.0025805109180510044, 0.002337672282010317, 0.9123360514640808, 0.0827457457780838], "iP=4|iL=3|iR=4": [0.0027682038489729166, 0.00222714152187109, 0.14932061731815338, 0.8456840515136719], "iP=4|iL=4|iR=1": [0.027628934010863304, 0.002353512914851308, 0.03079298697412014, 0.9392245411872864], "iP=4|iL=4|iR=2": [0.0037335127126425505, 0.039315253496170044, 0.027117321267724037, 0.9298340082168579], "iP=4|iL=4|iR=3": [0.00372332870028913, 0.0031607775017619133, 0.3964686691761017, 0.5966472625732422], "iP=4|iL=4|iR=4": [0.0009190977434627712, 0.0005437243962660432, 0.001915199332870543, 0.9966219663619995]}, "n": 4}