{"data":{"iP=1|iL=1|iR=1":[1.0,5.379821743645152e-08,4.87873350607515e-08],"iP=1|iL=1|iR=2":[0.9999980926513672,1.3840151495969621e-06,5.822726052429061e-07],"iP=1|iL=1|iR=3":[0.999995768070221,8.857793432071048e-07,3.402711399758118e-06],"iP=1|iL=2|iR=1":[1.0,7.632385035094558e-08,4.67619898358862e-08],"iP=1|iL=2|iR=2":[0.9999983310699463,1.4717082876813947e-06,2.4689214228601486e-07],"iP=1|iL=2|iR=3":[0.9999949336051941,8.717312312001013e-07,4.259700290276669e-06],"iP=1|iL=3|iR=1":[1.0,7.659018308459054e-08,5.072793030080902e-08],"iP=1|iL=3|iR=2":[0.9999838471412659,1.4692984223074745e-05,1.502161580901884e-06],"iP=1|iL=3|iR=3":[0.9999945759773254,1.0374029670856544e-06,4.371524028101703e-06],"iP=2|iL=1|iR=1":[0.0010817734291777015,0.9828169345855713,0.01610128954052925],"iP=2|iL=1|iR=2":[2.7221713594371977e-07,0.9999300837516785,6.967509398236871e-05],"iP=2|iL=1|iR=3":[5.711280209652614e-06,0.8601759672164917,0.13981837034225464],"iP=2|iL=2|iR=1":[0.0007428315584547818,0.9875774383544922,0.011679772287607193],"iP=2|iL=2|iR=2":[1.9042253995849023e-07,0.999966025352478,3.379376357770525e-05],"iP=2|iL=2|iR=3":[4.84540714751347e-06,0.8821892738342285,0.11780595779418945],"iP=2|iL=3|iR=1":[0.000817414722405374,0.9845696687698364,0.01461296621710062],"iP=2|iL=3|iR=2":[6.826063554399298e-07,0.9999684691429138,3.099461901001632e-05],"iP=2|iL=3|iR=3":[5.982011771266116e-06,0.8688396215438843,0.1311543881893158],"iP=3|iL=1|iR=1":[0.0009643215453252196,0.0002995372051373124,0.9987361431121826],"iP=3|iL=1|iR=2":[0.0005997156258672476,0.07525993138551712,0.9241403937339783],"iP=3|iL=1|iR=3":[4.975550496055803e-07,1.9666111938931863e-07,0.9999993443489075],"iP=3|iL=2|iR=1":[0.0014814157038927078,0.0009025015169754624,0.9976161122322083],"iP=3|iL=2|iR=2":[0.0005462251137942076,0.0944577306509018,0.9049960374832153],"iP=3|iL=2|iR=3":[3.5584511692832166e-07,8.129769639708684e-07,0.999998927116394],"iP=3|iL=3|iR=1":[0.0010291896760463715,0.00032768663368187845,0.9986432194709778],"iP=3|iL=3|iR=2":[0.0004234015359543264,0.07593794167041779,0.923638641834259],"iP=3|iL=3|iR=3":[1.8504810839203856e-07,1.7066041380076058e-07,0.9999997615814209]},"n":3}