{"data":{"iP=1|iL=1|iR=1":[0.9844561219215393,0.005877889227122068,0.0028048797976225615,0.0030444751027971506,0.003816700540482998],"iP=1|iL=1|iR=2":[0.9391025304794312,0.04628394916653633,0.003889435436576605,0.004202984273433685,0.0065211160108447075],"iP=1|iL=1|iR=3":[0.9341870546340942,0.010097880847752094,0.04415445774793625,0.005056499037891626,0.0065041654743254185],"iP=1|iL=1|iR=4":[0.9357341527938843,0.010011631064116955,0.006454554386436939,0.04167028144001961,0.0061293961480259895],"iP=1|iL=1|iR=5":[0.9287325143814087,0.009870996698737144,0.007078788708895445,0.005782028194516897,0.04853570833802223],"iP=1|iL=2|iR=1":[0.9865601658821106,0.00504720164462924,0.002186551922932267,0.002360931131988764,0.0038451608270406723],"iP=1|iL=2|iR=2":[0.9347254633903503,0.05130641907453537,0.004838291555643082,0.003910511266440153,0.005219331011176109],"iP=1|iL=2|iR=3":[0.9372870326042175,0.011315233074128628,0.03995551913976669,0.005407280288636684,0.006035031750798225],"iP=1|iL=2|iR=4":[0.9341788291931152,0.01263810507953167,0.006482837721705437,0.04146146401762962,0.005238781683146954],"iP=1|iL=2|iR=5":[0.9282097220420837,0.01181052066385746,0.0076395622454583645,0.0058890776708722115,0.04645116999745369],"iP=1|iL=3|iR=1":[0.9857146143913269,0.005276984069496393,0.0024970336817204952,0.0033137782011181116,0.0031976315658539534],"iP=1|iL=3|iR=2":[0.9335042834281921,0.05160761624574661,0.005665466655045748,0.003935087472200394,0.005287544336169958],"iP=1|iL=3|iR=3":[0.9307346940040588,0.010434073396027088,0.04919606074690819,0.003904197132214904,0.005731027107685804],"iP=1|iL=3|iR=4":[0.9377090334892273,0.010917742736637592,0.009066971950232983,0.03648862615227699,0.005817585624754429],"iP=1|iL=3|iR=5":[0.9323188662528992,0.010210593231022358,0.008928968571126461,0.005381754133850336,0.04315991327166557],"iP=1|iL=4|iR=1":[0.9864223599433899,0.005052788648754358,0.002714149421080947,0.0029916190542280674,0.002819160930812359],"iP=1|iL=4|iR=2":[0.9370383024215698,0.04706452786922455,0.004726114682853222,0.006853980012238026,0.004317011218518019],"iP=1|iL=4|iR=3":[0.9338715076446533,0.009822252206504345,0.04236264154314995,0.008483357727527618,0.005460217595100403],"iP=1|iL=4|iR=4":[0.9275267720222473,0.011404406279325485,0.00605608057230711,0.05015925318002701,0.004853568039834499],"iP=1|iL=4|iR=5":[0.9290689826011658,0.01110570877790451,0.0071148197166621685,0.008695757947862148,0.04401477798819542],"iP=1|iL=5|iR=1":[0.9853414297103882,0.004596881102770567,0.0021166186779737473,0.003169955685734749,0.004775133449584246],"iP=1|iL=5|iR=2":[0.9345605969429016,0.04786083474755287,0.004462511278688908,0.004277985077351332,0.008838056586682796],"iP=1|iL=5|iR=3":[0.9321575164794922,0.010702085681259632,0.04277820885181427,0.005513057112693787,0.00884921196848154],"iP=1|iL=5|iR=4":[0.9333504438400269,0.010087749920785427,0.007027870509773493,0.03977092728018761,0.009763021022081375],"iP=1|iL=5|iR=5":[0.9239962100982666,0.010439875535666943,0.005675079300999641,0.005943512078374624,0.05394531413912773],"iP=2|iL=1|iR=1":[0.019871588796377182,0.9481107592582703,0.020986802875995636,0.007066587917506695,0.003964280243963003],"iP=2|iL=1|iR=2":[0.0010550165316089988,0.9880045652389526,0.005670780315995216,0.0029041499365121126,0.0023654948454350233],"iP=2|iL=1|iR=3":[0.0017695730784907937,0.8887906074523926,0.10188726335763931,0.00453757680952549,0.0030148900113999844],"iP=2|iL=1|iR=4":[0.0021910909563302994,0.9194103479385376,0.023949623107910156,0.05151383578777313,0.0029351278208196163],"iP=2|iL=1|iR=5":[0.0020850778091698885,0.9279087781906128,0.026966677978634834,0.008245346136391163,0.034794148057699203],"iP=2|iL=2|iR=1":[0.012614480219781399,0.9774398803710938,0.005669701844453812,0.0022660410031676292,0.002009948715567589],"iP=2|iL=2|iR=2":[0.006698725279420614,0.9874364733695984,0.0020529995672404766,0.0019585732370615005,0.001853286405093968],"iP=2|iL=2|iR=3":[0.0028158496133983135,0.951971173286438,0.04179617762565613,0.0015856703976169229,0.001831161673180759],"iP=2|iL=2|iR=4":[0.0027535336557775736,0.9616401791572571,0.005750465672463179,0.027612488716840744,0.002243408001959324],"iP=2|iL=2|iR=5":[0.0024281484074890614,0.9650306105613708,0.006250489503145218,0.0028153539169579744,0.023475406691432],"iP=2|iL=3|iR=1":[0.013734768144786358,0.9528290033340454,0.028668103739619255,0.0025873081758618355,0.0021807763259857893],"iP=2|iL=3|iR=2":[0.0037248199805617332,0.9859583377838135,0.006417653989046812,0.001915360102429986,0.0019838367588818073],"iP=2|iL=3|iR=3":[0.0029742387123405933,0.8691635727882385,0.12376788258552551,0.0018626064993441105,0.002231730381026864],"iP=2|iL=3|iR=4":[0.003137486055493355,0.9340346455574036,0.034031737595796585,0.02660023607313633,0.002195904729887843],"iP=2|iL=3|iR=5":[0.0031067391391843557,0.9351261854171753,0.03374525532126427,0.0032270632218569517,0.024794740602374077],"iP=2|iL=4|iR=1":[0.01567033678293228,0.9535732269287109,0.014719782397150993,0.014054053463041782,0.001982553396373987],"iP=2|iL=4|iR=2":[0.004262554459273815,0.9853489995002747,0.0033908169716596603,0.005647358950227499,0.0013503024820238352],"iP=2|iL=4|iR=3":[0.0028808803763240576,0.9082199931144714,0.07622399926185608,0.010969636961817741,0.0017055502394214272],"iP=2|iL=4|iR=4":[0.0034306396264582872,0.9074982404708862,0.013642161153256893,0.0740286260843277,0.0014003438409417868],"iP=2|iL=4|iR=5":[0.00286136195063591,0.9411352276802063,0.017395274713635445,0.01704530045390129,0.02156287431716919],"iP=2|iL=5|iR=1":[0.015019385144114494,0.9548048377037048,0.01586337760090828,0.004864057991653681,0.009448288008570671],"iP=2|iL=5|iR=2":[0.004453857429325581,0.9840874075889587,0.0050559877417981625,0.0028188852593302727,0.0035838978365063667],"iP=2|iL=5|iR=3":[0.003111242549493909,0.9049497842788696,0.08146040886640549,0.003659255104139447,0.006819332484155893],"iP=2|iL=5|iR=4":[0.002725189318880439,0.9353458881378174,0.015455379150807858,0.03851613402366638,0.007957384921610355],"iP=2|iL=5|iR=5":[0.003992638550698757,0.9167091846466064,0.016329124569892883,0.006052318960428238,0.05691670626401901],"iP=3|iL=1|iR=1":[0.01571311429142952,0.011146889068186283,0.5819978713989258,0.29201531410217285,0.09912675619125366],"iP=3|iL=1|iR=2":[0.0015613362193107605,0.07820437848567963,0.5153695940971375,0.301486074924469,0.10337859392166138],"iP=3|iL=1|iR=3":[0.0002726727398112416,0.0052772583439946175,0.8272337913513184,0.13370364904403687,0.0335126630961895],"iP=3|iL=1|iR=4":[0.0005328662227839231,0.0056382641196250916,0.4573574364185333,0.4891999661922455,0.04727145656943321],"iP=3|iL=1|iR=5":[0.001066973083652556,0.00593488710001111,0.5118211507797241,0.23386293649673462,0.24731409549713135],"iP=3|iL=2|iR=1":[0.02231103554368019,0.08166765421628952,0.3063048720359802,0.4284082353115082,0.1613081842660904],"iP=3|iL=2|iR=2":[0.004557924810796976,0.26694461703300476,0.23589617013931274,0.3612099587917328,0.13139131665229797],"iP=3|iL=2|iR=3":[0.003666294738650322,0.05417400225996971,0.5717284083366394,0.2723279893398285,0.09810329228639603],"iP=3|iL=2|iR=4":[0.0024156307335942984,0.03597499802708626,0.22416526079177856,0.6588264107704163,0.07861768454313278],"iP=3|iL=2|iR=5":[0.0026510481256991625,0.04935557022690773,0.2507047653198242,0.33626118302345276,0.36102741956710815],"iP=3|iL=3|iR=1":[0.005514454562216997,0.0056659625843167305,0.9508141875267029,0.025503896176815033,0.012501462362706661],"iP=3|iL=3|iR=2":[0.0019730234052985907,0.04460655152797699,0.9040853977203369,0.032224390655756,0.017110692337155342],"iP=3|iL=3|iR=3":[0.0046233972534537315,0.007245576940476894,0.9843855500221252,0.0027240761555731297,0.0010214120848104358],"iP=3|iL=3|iR=4":[0.001285020844079554,0.0043287198059260845,0.8941217660903931,0.09428207576274872,0.005982351955026388],"iP=3|iL=3|iR=5":[0.0014302941272035241,0.004611846059560776,0.9063339233398438,0.020251033827662468,0.0673728659749031],