{"data":{"iP=1|iL=1|iR=1":[0.9987474679946899,0.0001970528537640348,0.0002339096536161378,0.0002673370763659477,0.0005543313454836607],"iP=1|iL=1|iR=2":[0.9790176749229431,0.019848108291625977,0.00028499728068709373,0.0002900359104387462,0.0005592701490968466],"iP=1|iL=1|iR=3":[0.9756025075912476,0.0005378227215260267,0.023043105378746986,0.0004909360432066023,0.00032564831781201065],"iP=1|iL=1|iR=4":[0.9806437492370605,0.0005785499815829098,0.0004722198355011642,0.01809351146221161,0.00021215082961134613],"iP=1|iL=1|iR=5":[0.9726007580757141,0.0007763775647617877,0.0008206091588363051,0.0004123095131944865,0.025389952585101128],"iP=1|iL=2|iR=1":[0.9986503720283508,0.00021738879149779677,0.0002571749791968614,0.0002817404456436634,0.000593249686062336],"iP=1|iL=2|iR=2":[0.9764953851699829,0.02243245579302311,0.00026851537404581904,0.000336470635375008,0.0004671785864047706],"iP=1|iL=2|iR=3":[0.9763674736022949,0.0006450351793318987,0.02190946228802204,0.00048563117161393166,0.000592424999922514],"iP=1|iL=2|iR=4":[0.979769229888916,0.0009489097283221781,0.00046518436283804476,0.018170295283198357,0.0006464264588430524],"iP=1|iL=2|iR=5":[0.9726153612136841,0.0010947787668555975,0.0006543641211465001,0.0006602519424632192,0.024975212290883064],"iP=1|iL=3|iR=1":[0.9986599683761597,0.00018203616491518915,0.00034371126093901694,0.0002893795317504555,0.0005249149398878217],"iP=1|iL=3|iR=2":[0.9764629602432251,0.022439366206526756,0.0003217309422325343,0.0003886940539814532,0.0003872425586450845],"iP=1|iL=3|iR=3":[0.9732416868209839,0.0008288168464787304,0.025022603571414948,0.0001952532766154036,0.0007116186316125095],"iP=1|iL=3|iR=4":[0.9799968004226685,0.0008758172625675797,0.0007853447459638119,0.017929451540112495,0.00041260174475610256],"iP=1|iL=3|iR=5":[0.9712591171264648,0.0010282800067216158,0.0010264844167977571,0.0003930125094484538,0.02629316970705986],"iP=1|iL=4|iR=1":[0.9990101456642151,0.00016034995496738702,0.0001587935257703066,0.00028973075677640736,0.0003810174821410328],"iP=1|iL=4|iR=2":[0.9769636988639832,0.021988283842802048,0.00018632081628311425,0.0003346962039358914,0.0005269862012937665],"iP=1|iL=4|iR=3":[0.9741476774215698,0.0006201121141202748,0.024422185495495796,0.00030424169381149113,0.000505815667565912],"iP=1|iL=4|iR=4":[0.9773494601249695,0.0008861870155669749,0.0006273891194723547,0.020740028470754623,0.00039693352300673723],"iP=1|iL=4|iR=5":[0.973060667514801,0.0009376980015076697,0.0006271102465689182,0.000617937243077904,0.024756625294685364],"iP=1|iL=5|iR=1":[0.9987375736236572,0.000152469496242702,0.0002396823838353157,0.00025238876696676016,0.0006180029595270753],"iP=1|iL=5|iR=2":[0.975476861000061,0.023091085255146027,0.00032621921855024993,0.00027185867656953633,0.0008339271298609674],"iP=1|iL=5|iR=3":[0.9739688038825989,0.0007503373781219125,0.024408867582678795,0.00025435109273530543,0.0006177292671054602],"iP=1|iL=5|iR=4":[0.9778314828872681,0.0006012101075612009,0.000718074559699744,0.02025153674185276,0.0005976309184916317],"iP=1|iL=5|iR=5":[0.9675382375717163,0.0006857574917376041,0.0006605731323361397,0.0007239155820570886,0.030391555279493332],"iP=2|iL=1|iR=1":[0.07690292596817017,0.8653088808059692,0.04535453021526337,0.009108618833124638,0.003325103782117367],"iP=2|iL=1|iR=2":[0.0004980252706445754,0.995644748210907,0.001960629364475608,0.0012526935897767544,0.0006438544951379299],"iP=2|iL=1|iR=3":[0.0017497377702966332,0.8275798559188843,0.16643530130386353,0.0029742924962192774,0.0012608335819095373],"iP=2|iL=1|iR=4":[0.0026548949535936117,0.8866581916809082,0.03665253147482872,0.07246604561805725,0.001568330219015479],"iP=2|iL=1|iR=5":[0.0034104057122021914,0.9023087024688721,0.03954179957509041,0.008942598477005959,0.04579651355743408],"iP=2|iL=2|iR=1":[0.05590476468205452,0.9179432988166809,0.01822051592171192,0.005517663899809122,0.002413791371509433],"iP=2|iL=2|iR=2":[0.0003796654345933348,0.9971892833709717,0.0005544442101381719,0.0009595145238563418,0.0009170994162559509],"iP=2|iL=2|iR=3":[0.001309254439547658,0.9084932804107666,0.08724682778120041,0.001483227009885013,0.0014674089616164565],"iP=2|iL=2|iR=4":[0.0016484962543472648,0.9378668665885925,0.011676092632114887,0.04772182181477547,0.0010866528609767556],"iP=2|iL=2|iR=5":[0.0018558017909526825,0.9424309730529785,0.014353688806295395,0.004074094817042351,0.037285465747117996],"iP=2|iL=3|iR=1":[0.06045065447688103,0.8737475872039795,0.05846370756626129,0.004958353005349636,0.0023797014728188515],"iP=2|iL=3|iR=2":[0.00032626010943204165,0.9955463409423828,0.00241070962511003,0.0009553641430102289,0.0007613310008309782],"iP=2|iL=3|iR=3":[0.0012672273442149162,0.8226903676986694,0.17362309992313385,0.0013656027149409056,0.0010536728659644723],"iP=2|iL=3|iR=4":[0.0018293499015271664,0.9109711050987244,0.04388673976063728,0.042126256972551346,0.001186589477583766],"iP=2|iL=3|iR=5":[0.0022475975565612316,0.9044615030288696,0.05322905257344246,0.004172502085566521,0.035889383405447006],"iP=2|iL=4|iR=1":[0.062228862196207047,0.8808996677398682,0.03816324844956398,0.015984997153282166,0.00272324588149786],"iP=2|iL=4|iR=2":[0.00040832237573340535,0.9957290291786194,0.001640788628719747,0.0015946655767038465,0.0006272473838180304],"iP=2|iL=4|iR=3":[0.001136995735578239,0.844732403755188,0.14960883557796478,0.0037454578559845686,0.0007762207533232868],"iP=2|iL=4|iR=4":[0.0016333627281710505,0.881612241268158,0.023482751101255417,0.09229592233896255,0.000975705508608371],"iP=2|iL=4|iR=5":[0.0028011465910822153,0.9169814586639404,0.03322898969054222,0.015133451670408249,0.031854886561632156],"iP=2|iL=5|iR=1":[0.05905810371041298,0.883540153503418,0.043896470218896866,0.008223348297178745,0.005281962454319],"iP=2|iL=5|iR=2":[0.0004104058025404811,0.9958682656288147,0.001607117592357099,0.0011133619118481874,0.001000863965600729],"iP=2|iL=5|iR=3":[0.0013476894237101078,0.8425790071487427,0.15220597386360168,0.0019276855746284127,0.001939635258167982],"iP=2|iL=5|iR=4":[0.0018410056363791227,0.8997901678085327,0.029563838616013527,0.06629069894552231,0.0025143048260360956],"iP=2|iL=5|iR=5":[0.001801153877750039,0.8999818563461304,0.03322751820087433,0.006003618240356445,0.058985885232686996],"iP=3|iL=1|iR=1":[0.05288303643465042,0.01642024703323841,0.5430357456207275,0.2891356647014618,0.09852531552314758],"iP=3|iL=1|iR=2":[0.0019814278930425644,0.23129568994045258,0.3697289526462555,0.2938767373561859,0.10311717540025711],"iP=3|iL=1|iR=3":[0.00040627032285556197,0.0023992781061679125,0.9351741671562195,0.04841696843504906,0.013603330589830875],"iP=3|iL=1|iR=4":[0.0005665140342898667,0.004282684531062841,0.32603222131729126,0.6495367288589478,0.019581876695156097],"iP=3|iL=1|iR=5":[0.0012647999683395028,0.007896257564425468,0.4094240963459015,0.18684779107570648,0.39456707239151],"iP=3|iL=2|iR=1":[0.056975364685058594,0.042721766978502274,0.3646656572818756,0.38891932368278503,0.1467178612947464],"iP=3|iL=2|iR=2":[0.0014791901921853423,0.37455448508262634,0.19393624365329742,0.31753069162368774,0.1124994233250618],"iP=3|iL=2|iR=3":[0.0009095069253817201,0.021823206916451454,0.8034290075302124,0.13111060857772827,0.04272766411304474],"iP=3|iL=2|iR=4":[0.0006538098095916212,0.012063005939126015,0.17307308316230774,0.78510981798172,0.029100244864821434],"iP=3|iL=2|iR=5":[0.001187697402201593,0.021014314144849777,0.23576273024082184,0.24620424211025238,0.49583107233047485],"iP=3|iL=3|iR=1":[0.04365772008895874,0.015814373269677162,0.8060824275016785,0.09183178097009659,0.04261372983455658],"iP=3|iL=3|iR=2":[0.0020089747849851847,0.24415285885334015,0.5938950181007385,0.10534290224313736,0.05460023880004883],"iP=3|iL=3|iR=3":[0.00020688727090600878,0.001050859340466559,0.9939790368080139,0.002555669518187642,0.002207536017522216],"iP=3|iL=3|iR=4":[0.0008320556953549385,0.006262402515858412,0.6352569460868835,0.3452848196029663,0.012363738380372524],