{"data": {"iP=1|iL=1|iR=1": [0.9989857077598572, 0.00036097646807320416, 0.0006533302366733551], "iP=1|iL=1|iR=2": [0.9728628396987915, 0.02635660581290722, 0.000780479284003377], "iP=1|iL=1|iR=3": [0.9574648141860962, 0.0015190362464636564, 0.041016142815351486], "iP=1|iL=2|iR=1": [0.9987483620643616, 0.0004970540758222342, 0.0007546719280071557], "iP=1|iL=2|iR=2": [0.9682788252830505, 0.030878379940986633, 0.0008427871507592499], "iP=1|iL=2|iR=3": [0.9564396739006042, 0.0019898510072380304, 0.04157052934169769], "iP=1|iL=3|iR=1": [0.9987738728523254, 0.00043459911830723286, 0.0007915142341516912], "iP=1|iL=3|iR=2": [0.9679808616638184, 0.03089189901947975, 0.001127331517636776], "iP=1|iL=3|iR=3": [0.9470769166946411, 0.001516144024208188, 0.05140690505504608], "iP=2|iL=1|iR=1": [0.072986900806427, 0.8799024224281311, 0.04711070656776428], "iP=2|iL=1|iR=2": [0.0010389473754912615, 0.9954562187194824, 0.0035048217978328466], "iP=2|iL=1|iR=3": [0.002575378166511655, 0.7721061110496521, 0.22531846165657043], "iP=2|iL=2|iR=1": [0.05577068775892258, 0.9201192259788513, 0.024110037833452225], "iP=2|iL=2|iR=2": [0.000646909000352025, 0.9973196387290955, 0.002033436903730035], "iP=2|iL=2|iR=3": [0.0019502524519339204, 0.8337293863296509, 0.16432033479213715], "iP=2|iL=3|iR=1": [0.05995142459869385, 0.8568862080574036, 0.08316237479448318], "iP=2|iL=3|iR=2": [0.000762209587264806, 0.9917205572128296, 0.00751729030162096], "iP=2|iL=3|iR=3": [0.001984648872166872, 0.7206552028656006, 0.27736014127731323], "iP=3|iL=1|iR=1": [0.055170103907585144, 0.01137339323759079, 0.933456540107727], "iP=3|iL=1|iR=2": [0.006228205282241106, 0.1726692169904709, 0.8211025595664978], "iP=3|iL=1|iR=3": [0.0011511475313454866, 0.0009240590734407306, 0.9979249238967896], "iP=3|iL=2|iR=1": [0.07570295035839081, 0.03452743589878082, 0.8897696137428284], "iP=3|iL=2|iR=2": [0.005612398963421583, 0.2967604100704193, 0.6976271867752075], "iP=3|iL=2|iR=3": [0.0013603116385638714, 0.0038495254702866077, 0.9947901368141174], "iP=3|iL=3|iR=1": [0.03387056663632393, 0.0076722451485693455, 0.9584572315216064], "iP=3|iL=3|iR=2": [0.00394932646304369, 0.13125649094581604, 0.8647942543029785], "iP=3|iL=3|iR=3": [0.0008199299918487668, 0.0006189194391481578, 0.9985611438751221]}, "n": 3}