{"data": {"iP=1|iL=1|iR=1": [0.9869019389152527, 0.005881729070097208, 0.0029603554867208004, 0.004255990497767925], "iP=1|iL=1|iR=2": [0.9367688298225403, 0.051880717277526855, 0.004179645795375109, 0.007170871365815401], "iP=1|iL=1|iR=3": [0.9359340667724609, 0.011042422614991665, 0.04589495062828064, 0.007128557190299034], "iP=1|iL=1|iR=4": [0.9299702048301697, 0.01031771395355463, 0.006069147028028965, 0.05364292114973068], "iP=1|iL=2|iR=1": [0.9871776103973389, 0.006092646159231663, 0.0024434770457446575, 0.004286203533411026], "iP=1|iL=2|iR=2": [0.92899090051651, 0.05973738431930542, 0.004471124149858952, 0.006800593342632055], "iP=1|iL=2|iR=3": [0.9346104860305786, 0.012935904785990715, 0.04446734860539436, 0.007986269891262054], "iP=1|iL=2|iR=4": [0.9284822940826416, 0.01183146983385086, 0.0061475541442632675, 0.05353863164782524], "iP=1|iL=3|iR=1": [0.9866214990615845, 0.0063488720916211605, 0.003967022988945246, 0.0030625523068010807], "iP=1|iL=3|iR=2": [0.9341686964035034, 0.053633831441402435, 0.006592662539333105, 0.005604809150099754], "iP=1|iL=3|iR=3": [0.9264947175979614, 0.011414537206292152, 0.05637174844741821, 0.005718953441828489], "iP=1|iL=3|iR=4": [0.9299542903900146, 0.012563882395625114, 0.009988674893975258, 0.04749317467212677], "iP=1|iL=4|iR=1": [0.9855046272277832, 0.006153658032417297, 0.002566496841609478, 0.005775165278464556], "iP=1|iL=4|iR=2": [0.932427704334259, 0.05368053540587425, 0.004310352262109518, 0.009581423364579678], "iP=1|iL=4|iR=3": [0.9302476644515991, 0.011355209164321423, 0.04718214273452759, 0.011214886792004108], "iP=1|iL=4|iR=4": [0.9209619760513306, 0.010838067159056664, 0.005905468482524157, 0.06229453161358833], "iP=2|iL=1|iR=1": [0.024863092228770256, 0.9454870820045471, 0.0220560971647501, 0.007593742571771145], "iP=2|iL=1|iR=2": [0.0016577675705775619, 0.9879177212715149, 0.00697323027998209, 0.0034512989223003387], "iP=2|iL=1|iR=3": [0.0025558280758559704, 0.891694962978363, 0.10057364404201508, 0.005175609607249498], "iP=2|iL=1|iR=4": [0.0029378060717135668, 0.9234699606895447, 0.022978441789746284, 0.05061377212405205], "iP=2|iL=2|iR=1": [0.01606685109436512, 0.9750846028327942, 0.005618225317448378, 0.0032301978208124638], "iP=2|iL=2|iR=2": [0.00840748194605112, 0.9857348799705505, 0.003026003483682871, 0.002831632038578391], "iP=2|iL=2|iR=3": [0.0031823269091546535, 0.9499574899673462, 0.04353154078125954, 0.003328647231683135], "iP=2|iL=2|iR=4": [0.003403306705877185, 0.9573624134063721, 0.005740802269428968, 0.033493444323539734], "iP=2|iL=3|iR=1": [0.017059579491615295, 0.9399880766868591, 0.03987317904829979, 0.0030791512690484524], "iP=2|iL=3|iR=2": [0.005286706145852804, 0.9807756543159485, 0.011800876818597317, 0.0021367783192545176], "iP=2|iL=3|iR=3": [0.004259505309164524, 0.8482521176338196, 0.14560523629188538, 0.0018830887274816632], "iP=2|iL=3|iR=4": [0.003920311573892832, 0.9270396828651428, 0.04371415078639984, 0.025325940921902657], "iP=2|iL=4|iR=1": [0.018981274217367172, 0.9450998306274414, 0.017246710136532784, 0.018672198057174683], "iP=2|iL=4|iR=2": [0.004722959827631712, 0.9826599955558777, 0.005386777222156525, 0.007230271119624376], "iP=2|iL=4|iR=3": [0.00323945889249444, 0.8981372117996216, 0.08610893785953522, 0.012514399364590645], "iP=2|iL=4|iR=4": [0.005208311602473259, 0.8990767002105713, 0.016086142510175705, 0.0796288475394249], "iP=3|iL=1|iR=1": [0.018470533192157745, 0.010335205122828484, 0.6700272560119629, 0.30116701126098633], "iP=3|iL=1|iR=2": [0.0014459631638601422, 0.08699465543031693, 0.5872811675071716, 0.32427820563316345], "iP=3|iL=1|iR=3": [0.0002717484603635967, 0.0043119206093251705, 0.8774197697639465, 0.11799661070108414], "iP=3|iL=1|iR=4": [0.0006054112454876304, 0.005285357590764761, 0.490170419216156, 0.5039388537406921], "iP=3|iL=2|iR=1": [0.025545723736286163, 0.10163729637861252, 0.387684166431427, 0.4851328134536743], "iP=3|iL=2|iR=2": [0.004786231555044651, 0.3016027808189392, 0.2921091616153717, 0.40150186419487], "iP=3|iL=2|iR=3": [0.0038957735523581505, 0.061238471418619156, 0.6618607640266418, 0.27300503849983215], "iP=3|iL=2|iR=4": [0.0026841319631785154, 0.039062485098838806, 0.2443108707666397, 0.7139424681663513], "iP=3|iL=3|iR=1": [0.006884575821459293, 0.004395348019897938, 0.9571325182914734, 0.03158767521381378], "iP=3|iL=3|iR=2": [0.0023773950524628162, 0.049712322652339935, 0.9051821827888489, 0.042728081345558167], "iP=3|iL=3|iR=3": [0.005518692079931498, 0.0064871893264353275, 0.9851853847503662, 0.002808730350807309], "iP=3|iL=3|iR=4": [0.0012954326812177896, 0.003377296729013324, 0.8740479350090027, 0.12127938121557236], "iP=3|iL=4|iR=1": [0.006437476724386215, 0.003452765289694071, 0.36613360047340393, 0.6239761710166931], "iP=3|iL=4|iR=2": [0.0024247453548014164, 0.03831857442855835, 0.31750163435935974, 0.6417551040649414], "iP=3|iL=4|iR=3": [0.002973197028040886, 0.0045757596381008625, 0.6310341358184814, 0.3614169657230377], "iP=3|iL=4|iR=4": [0.003298617899417877, 0.006458756979554892, 0.18400317430496216, 0.8062395453453064], "iP=4|iL=1|iR=1": [0.025976212695240974, 0.0032061852980405092, 0.02207055315375328, 0.9487470388412476], "iP=4|iL=1|iR=2": [0.0027233073487877846, 0.02451508305966854, 0.020760251209139824, 0.9520013928413391], "iP=4|iL=1|iR=3": [0.0024868843611329794, 0.004056040197610855, 0.22188574075698853, 0.7715713977813721], "iP=4|iL=1|iR=4": [0.0009152476559393108, 0.0033935909159481525, 0.00745395990088582, 0.988237202167511], "iP=4|iL=2|iR=1": [0.01904403790831566, 0.008982057683169842, 0.010995385237038136, 0.9609785676002502], "iP=4|iL=2|iR=2": [0.005439352709800005, 0.048606351017951965, 0.011203309521079063, 0.9347509741783142], "iP=4|iL=2|iR=3": [0.004592513665556908, 0.012897389009594917, 0.15787705779075623, 0.8246330618858337], "iP=4|iL=2|iR=4": [0.003064405173063278, 0.0013512716395780444, 0.004923089407384396, 0.9906612634658813], "iP=4|iL=3|iR=1": [0.037041984498500824, 0.009667295962572098, 0.635842502117157, 0.3174481689929962], "iP=4|iL=3|iR=2": [0.006341433618217707, 0.07308172434568405, 0.5991351008415222, 0.32144173979759216], "iP=4|iL=3|iR=3": [0.006117102224379778, 0.006434466224163771, 0.9131171107292175, 0.07433127611875534], "iP=4|iL=3|iR=4": [0.005123482085764408, 0.005650362465530634, 0.4119235575199127, 0.5773026347160339], "iP=4|iL=4|iR=1": [0.005668791010975838, 0.0007257653051055968, 0.004244654905050993, 0.9893608093261719], "iP=4|iL=4|iR=2": [0.0019197455840185285, 0.005662770010530949, 0.0040999543853104115, 0.9883174896240234], "iP=4|iL=4|iR=3": [0.0024262070655822754, 0.002272442914545536, 0.07557445764541626, 0.9197268486022949], "iP=4|iL=4|iR=4": [0.005938377231359482, 0.005564936902374029, 0.007740681059658527, 0.9807560443878174]}, "n": 4}