{"data":{"iP=1|iL=1|iR=1":[0.9876806139945984,0.007390639279037714,0.00492876535281539],"iP=1|iL=1|iR=2":[0.9265048503875732,0.06596936285495758,0.007525767665356398],"iP=1|iL=1|iR=3":[0.9191979765892029,0.013939756900072098,0.06686227023601532],"iP=1|iL=2|iR=1":[0.9870432615280151,0.008655732497572899,0.004301042295992374],"iP=1|iL=2|iR=2":[0.9207137823104858,0.07261238247156143,0.006673918105661869],"iP=1|iL=2|iR=3":[0.9215195775032043,0.016439011320471764,0.06204143911600113],"iP=1|iL=3|iR=1":[0.9856746792793274,0.008163745515048504,0.006161591038107872],"iP=1|iL=3|iR=2":[0.9213035702705383,0.0669616088271141,0.0117347938939929],"iP=1|iL=3|iR=3":[0.9080173373222351,0.013850126415491104,0.07813255488872528],"iP=2|iL=1|iR=1":[0.030503693968057632,0.9505946040153503,0.018901705741882324],"iP=2|iL=1|iR=2":[0.002650429727509618,0.9891200661659241,0.008229522034525871],"iP=2|iL=1|iR=3":[0.0035672178491950035,0.8974249958992004,0.09900777041912079],"iP=2|iL=2|iR=1":[0.022166259586811066,0.9701011776924133,0.007732600439339876],"iP=2|iL=2|iR=2":[0.009600222110748291,0.9855230450630188,0.004876712337136269],"iP=2|iL=2|iR=3":[0.004339485429227352,0.9415152668952942,0.05414523929357529],"iP=2|iL=3|iR=1":[0.02213149704039097,0.9316027760505676,0.046265747398138046],"iP=2|iL=3|iR=2":[0.006002828478813171,0.9774044156074524,0.016592761501669884],"iP=2|iL=3|iR=3":[0.005148627329617739,0.8377804756164551,0.15707091987133026],"iP=3|iL=1|iR=1":[0.023631686344742775,0.0051623620092868805,0.97120600938797],"iP=3|iL=1|iR=2":[0.002332675736397505,0.056937094777822495,0.9407302737236023],"iP=3|iL=1|iR=3":[0.0007888503605499864,0.004567625466734171,0.9946435689926147],"iP=3|iL=2|iR=1":[0.03664446994662285,0.07234282046556473,0.8910127282142639],"iP=3|iL=2|iR=2":[0.006375106982886791,0.24231232702732086,0.7513125538825989],"iP=3|iL=2|iR=3":[0.004322664346545935,0.01832740381360054,0.9773499369621277],"iP=3|iL=3|iR=1":[0.008839244954288006,0.001901756040751934,0.9892590045928955],"iP=3|iL=3|iR=2":[0.0020971219055354595,0.02653658017516136,0.9713663458824158],"iP=3|iL=3|iR=3":[0.005975861102342606,0.0076608359813690186,0.9863632917404175]},"n":3}