{"data": {"iP=1|iL=1|iR=1": [0.9999998211860657, 3.732775155640411e-08, 3.1052412197141166e-08, 2.3010881022855756e-07], "iP=1|iL=1|iR=2": [0.999997615814209, 1.3090952961647417e-06, 1.3919027708197973e-07, 1.0052456218545558e-06], "iP=1|iL=1|iR=3": [0.9999974966049194, 5.866899073225795e-07, 1.2103997732992866e-06, 7.632387450939859e-07], "iP=1|iL=1|iR=4": [0.9999953508377075, 7.605157179568778e-07, 4.0828783198776364e-07, 3.4539655189291807e-06], "iP=1|iL=2|iR=1": [0.9999868273735046, 1.3032654351263773e-05, 2.3423385897558546e-08, 1.8468998064236075e-07], "iP=1|iL=2|iR=2": [0.999998152256012, 1.6148535451065982e-06, 1.3612667260076705e-07, 1.2581648434206727e-07], "iP=1|iL=2|iR=3": [0.9999955296516418, 3.4943489026773022e-06, 8.291885933431331e-07, 1.167966630077899e-07], "iP=1|iL=2|iR=4": [0.9999976754188538, 1.0562162060523406e-06, 4.1144943452309235e-07, 8.584162287661457e-07], "iP=1|iL=3|iR=1": [1.0, 4.0426016312267166e-08, 3.2161114660311796e-08, 2.482127037239934e-08], "iP=1|iL=3|iR=2": [0.9999696016311646, 2.9822980650351383e-05, 2.0845983783601696e-07, 4.549617074189882e-07], "iP=1|iL=3|iR=3": [0.9999968409538269, 9.120585673372261e-07, 1.6680232874932699e-06, 5.928079644945683e-07], "iP=1|iL=3|iR=4": [0.9999955296516418, 3.392140115465736e-06, 5.998686560815258e-07, 5.971013479211251e-07], "iP=1|iL=4|iR=1": [0.9999998211860657, 3.56390010836094e-08, 3.5196578096474695e-08, 2.3953245431584946e-07], "iP=1|iL=4|iR=2": [0.999983012676239, 1.5087579413375352e-05, 1.6700326455065806e-07, 1.8146024558518548e-06], "iP=1|iL=4|iR=3": [0.9999968409538269, 1.728202732920181e-06, 1.437832906958647e-06, 6.535066887636276e-08], "iP=1|iL=4|iR=4": [0.9999964237213135, 9.104566629503097e-07, 2.793313740312442e-07, 2.3728575797576923e-06], "iP=2|iL=1|iR=1": [0.001204813364893198, 0.9645681977272034, 0.03285948932170868, 0.0013674878282472491], "iP=2|iL=1|iR=2": [7.326512019290021e-08, 0.9999650120735168, 3.254702824051492e-05, 2.4152980131475488e-06], "iP=2|iL=1|iR=3": [5.38236417924054e-06, 0.869162380695343, 0.13076850771903992, 6.370990013238043e-05], "iP=2|iL=1|iR=4": [2.4703191229491495e-05, 0.9580802321434021, 0.029424946755170822, 0.012470105662941933], "iP=2|iL=2|iR=1": [0.000698173709679395, 0.9760235548019409, 0.022221587598323822, 0.0010567799909040332], "iP=2|iL=2|iR=2": [8.447833010905015e-08, 0.9999895095825195, 8.92527987161884e-06, 1.5793373222550144e-06], "iP=2|iL=2|iR=3": [5.218395472184056e-06, 0.8873276114463806, 0.11260760575532913, 5.958907422609627e-05], "iP=2|iL=2|iR=4": [2.1182200725888833e-05, 0.9685314893722534, 0.021117310971021652, 0.01033006701618433], "iP=2|iL=3|iR=1": [0.0007091663428582251, 0.969556987285614, 0.02853793278336525, 0.0011959675466641784], "iP=2|iL=3|iR=2": [1.6087518872609508e-07, 0.9999892115592957, 8.723840437596664e-06, 2.0205018245178508e-06], "iP=2|iL=3|iR=3": [6.221874173206743e-06, 0.8772707581520081, 0.1226545050740242, 6.853937520645559e-05], "iP=2|iL=3|iR=4": [2.0267800209694542e-05, 0.9647247791290283, 0.02527710422873497, 0.009977876208722591], "iP=2|iL=4|iR=1": [0.0007443879148922861, 0.9715532660484314, 0.02630908042192459, 0.0013933231821283698], "iP=2|iL=4|iR=2": [7.477813568357305e-08, 0.9999799132347107, 1.4952152923797257e-05, 5.12272981723072e-06], "iP=2|iL=4|iR=3": [4.6844902499287855e-06, 0.8760485053062439, 0.12387146055698395, 7.53776403144002e-05], "iP=2|iL=4|iR=4": [3.634106906247325e-05, 0.9666804075241089, 0.02350562997162342, 0.009777643717825413], "iP=3|iL=1|iR=1": [0.004565222654491663, 0.03307964652776718, 0.7127073407173157, 0.2496478110551834], "iP=3|iL=1|iR=2": [2.1767154976259917e-05, 0.35657161474227905, 0.42796409130096436, 0.21544252336025238], "iP=3|iL=1|iR=3": [9.89701334219717e-08, 0.00014021432434674352, 0.9995893239974976, 0.00027039169799536467], "iP=3|iL=1|iR=4": [4.035367965116166e-06, 0.0006550646503455937, 0.3523555099964142, 0.6469853520393372], "iP=3|iL=2|iR=1": [0.00559268519282341, 0.04127791151404381, 0.6886042952537537, 0.2645251154899597], "iP=3|iL=2|iR=2": [5.90826639381703e-05, 0.39079517126083374, 0.3992319405078888, 0.20991380512714386], "iP=3|iL=2|iR=3": [2.0435362557691406e-07, 0.00013462785864248872, 0.9993634223937988, 0.0005017374642193317], "iP=3|iL=2|iR=4": [7.740209184703417e-06, 0.0013152306200936437, 0.31665995717048645, 0.6820170879364014], "iP=3|iL=3|iR=1": [0.004526961594820023, 0.036081720143556595, 0.7428538799285889, 0.2165374457836151], "iP=3|iL=3|iR=2": [7.881294732214883e-05, 0.37083789706230164, 0.4393899738788605, 0.18969334661960602], "iP=3|iL=3|iR=3": [4.713943368983564e-08, 5.729121039621532e-05, 0.9998573064804077, 8.543251897208393e-05], "iP=3|iL=3|iR=4": [5.248199158813804e-06, 0.0014077916275709867, 0.3839501142501831, 0.6146367788314819], "iP=3|iL=4|iR=1": [0.004174412228167057, 0.034102294594049454, 0.7181043028831482, 0.24361899495124817], "iP=3|iL=4|iR=2": [1.3761082300334238e-05, 0.36341965198516846, 0.425968199968338, 0.2105983942747116], "iP=3|iL=4|iR=3": [5.314289523994375e-07, 3.817384276771918e-05, 0.9996864199638367, 0.00027488666819408536], "iP=3|iL=4|iR=4": [5.496835910889786e-07, 0.0009052185341715813, 0.3456898629665375, 0.6534043550491333], "iP=4|iL=1|iR=1": [0.035268887877464294, 0.00016498503100592643, 0.04382220655679703, 0.9207439422607422], "iP=4|iL=1|iR=2": [0.003940117079764605, 0.00849825982004404, 0.03899065777659416, 0.9485710263252258], "iP=4|iL=1|iR=3": [0.0022101220674812794, 8.055721991695464e-05, 0.8184395432472229, 0.17926980555057526], "iP=4|iL=1|iR=4": [3.955986176151782e-05, 8.416841268399367e-08, 0.0004219937545713037, 0.9995384216308594], "iP=4|iL=2|iR=1": [0.03487521409988403, 0.00014057409134693444, 0.04256333038210869, 0.9224209189414978], "iP=4|iL=2|iR=2": [0.003700857749208808, 0.011459426954388618, 0.03747575730085373, 0.9473639726638794], "iP=4|iL=2|iR=3": [0.0028617065399885178, 0.00013604882406070828, 0.8020018339157104, 0.19500036537647247], "iP=4|iL=2|iR=4": [1.8435674064676277e-05, 1.2148163364145148e-07, 0.0004346671630628407, 0.9995467662811279], "iP=4|iL=3|iR=1": [0.040763936936855316, 0.00016157430945895612, 0.06429614126682281, 0.894778311252594], "iP=4|iL=3|iR=2": [0.005167800467461348, 0.014501670375466347, 0.05393819510936737, 0.9263923168182373], "iP=4|iL=3|iR=3": [0.002230290090665221, 3.9024122088449076e-05, 0.8575116395950317, 0.140219047665596], "iP=4|iL=3|iR=4": [8.609558426542208e-05, 1.2389982373406383e-07, 0.0013009432004764676, 0.9986128807067871], "iP=4|iL=4|iR=1": [0.03377034142613411, 8.452064503217116e-05, 0.04414919391274452, 0.9219959378242493], "iP=4|iL=4|iR=2": [0.0037864958867430687, 0.009890538640320301, 0.03896968811750412, 0.9473533034324646], "iP=4|iL=4|iR=3": [0.0022802515886723995, 1.5941714082146063e-05, 0.8146171569824219, 0.18308664858341217], "iP=4|iL=4|iR=4": [4.757009446620941e-05, 9.234081943532146e-08, 0.00035800517071038485, 0.9995943307876587]}, "n": 4}